{
  "Profiles": [
    {
      "Ansi 6 Color" : {
        "Red Component" : 0.53725490196078429,
        "Color Space" : "P3",
        "Blue Component" : 0.92156862745098034,
        "Alpha Component" : 1,
        "Green Component" : 0.86274509803921573
      },
      "Ansi 12 Color" : {
        "Red Component" : 0.53725490196078429,
        "Color Space" : "P3",
        "Blue Component" : 0.98039215686274506,
        "Alpha Component" : 1,
        "Green Component" : 0.70588235294117652
      },
      "Ansi 7 Color" : {
        "Red Component" : 0.80392156862745101,
        "Color Space" : "P3",
        "Blue Component" : 0.95686274509803926,
        "Alpha Component" : 1,
        "Green Component" : 0.83921568627450982
      },
      "Ansi 8 Color" : {
        "Red Component" : 0.49803921568627452,
        "Color Space" : "P3",
        "Blue Component" : 0.61176470588235299,
        "Alpha Component" : 1,
        "Green Component" : 0.51764705882352946
      },
      "Bold Color" : {
        "Red Component" : 0.80392156862745101,
        "Color Space" : "P3",
        "Blue Component" : 0.95686274509803926,
        "Alpha Component" : 1,
        "Green Component" : 0.83921568627450982
      },
      "Ansi 9 Color" : {
        "Red Component" : 0.95294117647058818,
        "Color Space" : "P3",
        "Blue Component" : 0.6588235294117647,
        "Alpha Component" : 1,
        "Green Component" : 0.54509803921568623
      },
      "Custom Directory" : "No",
      "Right Option Key Sends" : 0,
      "Rows" : 25,
      "Default Bookmark" : "No",
      "Cursor Guide Color" : {
        "Red Component" : 0.7486259937286377,
        "Color Space" : "P3",
        "Blue Component" : 0.99125725030899048,
        "Alpha Component" : 0.25,
        "Green Component" : 0.92047792673110962
      },
      "Tags" : [],
      "Non-ASCII Anti Aliased" : true,
      "Use Bright Bold" : true,
      "Ansi 10 Color" : {
        "Red Component" : 0.65098039215686276,
        "Color Space" : "P3",
        "Blue Component" : 0.63137254901960782,
        "Alpha Component" : 1,
        "Green Component" : 0.8901960784313725
      },
      "Ambiguous Double Width" : false,
      "Jobs to Ignore" : [
        "rlogin",
        "ssh",
        "slogin",
        "telnet"
      ],
      "Show Status Bar" : false,
      "Ansi 15 Color" : {
        "Red Component" : 0.80392156862745101,
        "Color Space" : "P3",
        "Blue Component" : 0.95686274509803926,
        "Alpha Component" : 1,
        "Green Component" : 0.83921568627450982
      },
      "Foreground Color" : {
        "Red Component" : 0.80392156862745101,
        "Color Space" : "P3",
        "Blue Component" : 0.95686274509803926,
        "Alpha Component" : 1,
        "Green Component" : 0.83921568627450982
      },
      "Blinking Cursor" : false,
      "Disable Window Resizing" : true,
      "Sync Title" : false,
      "Prompt Before Closing 2" : false,
      "BM Growl" : true,
      "Command" : "",
      "Description" : "Default",
      "Mouse Reporting" : true,
      "Screen" : -1,
      "Selection Color" : {
        "Red Component" : 0.27058823529411763,
        "Color Space" : "P3",
        "Blue Component" : 0.35294117647058826,
        "Alpha Component" : 1,
        "Green Component" : 0.27843137254901962
      },
      "Columns" : 80,
      "Idle Code" : 0,
      "Ansi 13 Color" : {
        "Red Component" : 0.96078431372549022,
        "Color Space" : "P3",
        "Blue Component" : 0.90588235294117647,
        "Alpha Component" : 1,
        "Green Component" : 0.76078431372549016
      },
      "Custom Command" : "No",
      "ASCII Anti Aliased" : true,
      "Vertical Spacing" : 1.1000000000000001,
      "Use Bold Font" : true,
      "Option Key Sends" : 0,
      "Foreground Color" : {
        "Red Component" : 0.80392156862745101,
        "Color Space" : "P3",
        "Blue Component" : 0.95686274509803926,
        "Alpha Component" : 1,
        "Green Component" : 0.83921568627450982
      },
      "Background Color" : {
        "Red Component" : 0.11764705882352941,
        "Color Space" : "P3",
        "Blue Component" : 0.1803921568627451,
        "Alpha Component" : 1,
        "Green Component" : 0.11764705882352941
      },
      "Character Encoding" : 4,
      "Ansi 11 Color" : {
        "Red Component" : 0.97647058823529409,
        "Color Space" : "P3",
        "Blue Component" : 0.68627450980392157,
        "Alpha Component" : 1,
        "Green Component" : 0.88627450980392153
      },
      "Non-ASCII Ligatures" : false,
      "Thin Strokes" : 4,
      "Use Italic Font" : true,
      "Unlimited Scrollback" : false,
      "Keyboard Map" : {
        "0xf700-0x260000" : {
          "Text" : "[1;6A",
          "Action" : 10
        },
        "0x37-0x40000" : {
          "Text" : "0x1f",
          "Action" : 11
        },
        "0x32-0x40000" : {
          "Text" : "0x00",
          "Action" : 11
        },
        "0xf709-0x20000" : {
          "Text" : "[17;2~",
          "Action" : 10
        },
        "0xf70c-0x20000" : {
          "Text" : "[20;2~",
          "Action" : 10
        },
        "0xf729-0x20000" : {
          "Text" : "[1;2H",
          "Action" : 10
        },
        "0xf72b-0x40000" : {
          "Text" : "[1;5F",
          "Action" : 10
        },
        "0xf705-0x20000" : {
          "Text" : "[1;2Q",
          "Action" : 10
        },
        "0xf703-0x260000" : {
          "Text" : "[1;6C",
          "Action" : 10
        },
        "0xf700-0x220000" : {
          "Text" : "[1;2A",
          "Action" : 10
        },
        "0xf701-0x280000" : {
          "Text" : "0x1b 0x1b 0x5b 0x42",
          "Action" : 11
        },
        "0x38-0x40000" : {
          "Text" : "0x7f",
          "Action" : 11
        },
        "0x33-0x40000" : {
          "Text" : "0x1b",
          "Action" : 11
        },
        "0xf703-0x220000" : {
          "Text" : "[1;2C",
          "Action" : 10
        },
        "0xf701-0x240000" : {
          "Text" : "[1;5B",
          "Action" : 10
        },
        "0xf70d-0x20000" : {
          "Text" : "[21;2~",
          "Action" : 10
        },
        "0xf702-0x260000" : {
          "Text" : "[1;6D",
          "Action" : 10
        },
        "0xf729-0x40000" : {
          "Text" : "[1;5H",
          "Action" : 10
        },
        "0xf706-0x20000" : {
          "Text" : "[1;2R",
          "Action" : 10
        },
        "0x34-0x40000" : {
          "Text" : "0x1c",
          "Action" : 11
        },
        "0xf700-0x280000" : {
          "Text" : "0x1b 0x1b 0x5b 0x41",
          "Action" : 11
        },
        "0x2d-0x40000" : {
          "Text" : "0x1f",
          "Action" : 11
        },
        "0xf70e-0x20000" : {
          "Text" : "[23;2~",
          "Action" : 10
        },
        "0xf702-0x220000" : {
          "Text" : "[1;2D",
          "Action" : 10
        },
        "0xf703-0x280000" : {
          "Text" : "0x1b 0x1b 0x5b 0x43",
          "Action" : 11
        },
        "0xf700-0x240000" : {
          "Text" : "[1;5A",
          "Action" : 10
        },
        "0xf707-0x20000" : {
          "Text" : "[1;2S",
          "Action" : 10
        },
        "0xf70a-0x20000" : {
          "Text" : "[18;2~",
          "Action" : 10
        },
        "0x35-0x40000" : {
          "Text" : "0x1d",
          "Action" : 11
        },
        "0xf70f-0x20000" : {
          "Text" : "[24;2~",
          "Action" : 10
        },
        "0xf703-0x240000" : {
          "Text" : "[1;5C",
          "Action" : 10
        },
        "0xf701-0x260000" : {
          "Text" : "[1;6B",
          "Action" : 10
        },
        "0xf702-0x280000" : {
          "Text" : "0x1b 0x1b 0x5b 0x44",
          "Action" : 11
        },
        "0xf72b-0x20000" : {
          "Text" : "[1;2F",
          "Action" : 10
        },
        "0x36-0x40000" : {
          "Text" : "0x1e",
          "Action" : 11
        },