{
  "Profiles": [
    {
      "Ansi 6 Color" : {
        "Red Component" : 0.3120269775390625,
        "Color Space" : "Calibrated",
        "Blue Component" : 0.64188027381896973,
        "Green Component" : 0.64762973785400391
      },
      "Ansi 12 Color" : {
        "Red Component" : 0.33133840560913086,
        "Color Space" : "Calibrated",
        "Blue Component" : 0.75472033023834229,
        "Green Component" : 0.52402210235595703
      },
      "Ansi 7 Color" : {
        "Red Component" : 1,
        "Color Space" : "Calibrated",
        "Blue Component" : 0.99999129772186279,
        "Green Component" : 0.99997437000274658
      },
      "Ansi 8 Color" : {
        "Red Component" : 0.3234245777130127,
        "Color Space" : "Calibrated",
        "Blue Component" : 0.41846594214439392,
        "Green Component" : 0.37485924363136292
      },
      "Bold Color" : {
        "Red Component" : 0.70114254951477051,
        "Color Space" : "Calibrated",
        "Blue Component" : 0.76466912031173706,
        "Green Component" : 0.72239696979522705
      },
      "Ansi 9 Color" : {
        "Red Component" : 0.89593487977981567,
        "Color Space" : "Calibrated",
        "Blue Component" : 0.33114415407180786,
        "Green Component" : 0.27702754735946655
      },
      "Custom Directory" : "No",
      "Right Option Key Sends" : 0,
      "Rows" : 25,
      "Default Bookmark" : "No",
      "Cursor Guide Color" : {
        "Red Component" : 0.70213186740875244,
        "Color Space" : "sRGB",
        "Blue Component" : 1,
        "Alpha Component" : 0.25,
        "Green Component" : 0.9268307089805603
      },
      "Tags" : [],
      "Non-ASCII Anti Aliased" : true,
      "Use Bright Bold" : true,
      "Ansi 10 Color" : {
        "Red Component" : 0.53603297472000122,
        "Color Space" : "Calibrated",
        "Blue Component" : 0.50905120372772217,
        "Green Component" : 0.74280524253845215
      },
      "Ambiguous Double Width" : false,
      "Jobs to Ignore" : [
        "rlogin",
        "ssh",
        "slogin",
        "telnet"
      ],
      "Show Status Bar" : false,
      "Ansi 15 Color" : {
        "Red Component" : 1,
        "Color Space" : "Calibrated",
        "Blue Component" : 0.99999129772186279,
        "Green Component" : 0.99997437000274658
      },
      "Foreground Color" : {
        "Red Component" : 0.70114254951477051,
        "Color Space" : "Calibrated",
        "Blue Component" : 0.76466912031173706,
        "Green Component" : 0.72239696979522705
      },
      "Working Directory" : "\/Users\/andrea.cedraro",
      "Blinking Cursor" : false,
      "Disable Window Resizing" : true,
      "Sync Title" : false,
      "Prompt Before Closing 2" : false,
      "BM Growl" : true,
      "Command" : "",
      "Description" : "Default",
      "Mouse Reporting" : true,
      "Screen" : -1,
      "Selection Color" : {
        "Red Component" : 0.24374458193778992,
        "Color Space" : "Calibrated",
        "Blue Component" : 0.32565724849700928,
        "Green Component" : 0.28464928269386292
      },
      "Columns" : 80,
      "Idle Code" : 0,
      "Ansi 13 Color" : {
        "Red Component" : 0.71825045347213745,
        "Color Space" : "Calibrated",
        "Blue Component" : 0.72311609983444214,
        "Green Component" : 0.49488019943237305
      },
      "Custom Command" : "No",
      "ASCII Anti Aliased" : true,
      "Non Ascii Font" : "SymbolsNerdFontComplete-2048-em 12",
      "Vertical Spacing" : 1.1000000000000001,
      "Use Bold Font" : true,
      "Option Key Sends" : 0,
      "Selected Text Color" : {
        "Red Component" : 0.70114254951477051,
        "Color Space" : "Calibrated",
        "Blue Component" : 0.76466912031173706,
        "Green Component" : 0.72239696979522705
      },
      "Background Color" : {
        "Red Component" : 0.071905560791492462,
        "Color Space" : "Calibrated",
        "Blue Component" : 0.1297074556350708,
        "Green Component" : 0.10740385949611664
      },
      "Character Encoding" : 4,
      "Ansi 11 Color" : {
        "Red Component" : 0.97044718265533447,
        "Color Space" : "Calibrated",
        "Blue Component" : 0.31759658455848694,
        "Green Component" : 0.74274349212646484
      },
      "Non-ASCII Ligatures" : false,
      "Thin Strokes" : 4,
      "Use Italic Font" : true,
      "Unlimited Scrollback" : false,
      "Keyboard Map" : {
        "0xf700-0x260000" : {
          "Text" : "[1;6A",
          "Action" : 10
        },
        "0x37-0x40000" : {
          "Text" : "0x1f",
          "Action" : 11
        },
        "0x32-0x40000" : {
          "Text" : "0x00",
          "Action" : 11
        },
        "0xf709-0x20000" : {
          "Text" : "[17;2~",
          "Action" : 10
        },
        "0xf70c-0x20000" : {
          "Text" : "[20;2~",
          "Action" : 10
        },
        "0xf729-0x20000" : {
          "Text" : "[1;2H",
          "Action" : 10
        },
        "0xf72b-0x40000" : {
          "Text" : "[1;5F",
          "Action" : 10
        },
        "0xf705-0x20000" : {
          "Text" : "[1;2Q",
          "Action" : 10
        },
        "0xf703-0x260000" : {
          "Text" : "[1;6C",
          "Action" : 10
        },
        "0xf700-0x220000" : {
          "Text" : "[1;2A",
          "Action" : 10
        },
        "0xf701-0x280000" : {
          "Text" : "0x1b 0x1b 0x5b 0x42",
          "Action" : 11
        },
        "0x38-0x40000" : {
          "Text" : "0x7f",
          "Action" : 11
        },
        "0x33-0x40000" : {
          "Text" : "0x1b",
          "Action" : 11
        },
        "0xf703-0x220000" : {
          "Text" : "[1;2C",
          "Action" : 10
        },
        "0xf701-0x240000" : {
          "Text" : "[1;5B",
          "Action" : 10
        },
        "0xf70d-0x20000" : {
          "Text" : "[21;2~",
          "Action" : 10
        },
        "0xf702-0x260000" : {
          "Text" : "[1;6D",
          "Action" : 10
        },
        "0xf729-0x40000" : {
          "Text" : "[1;5H",
          "Action" : 10
        },
        "0xf706-0x20000" : {
          "Text" : "[1;2R",
          "Action" : 10
        },
        "0x34-0x40000" : {
          "Text" : "0x1c",
          "Action" : 11
        },
        "0xf700-0x280000" : {
          "Text" : "0x1b 0x1b 0x5b 0x41",
          "Action" : 11
        },
        "0x2d-0x40000" : {
          "Text" : "0x1f",
          "Action" : 11
        },
        "0xf70e-0x20000" : {
          "Text" : "[23;2~",
          "Action" : 10
        },
        "0xf702-0x220000" : {
          "Text" : "[1;2D",
          "Action" : 10
        },
        "0xf703-0x280000" : {
          "Text" : "0x1b 0x1b 0x5b 0x43",
          "Action" : 11
        },
        "0xf700-0x240000" : {
          "Text" : "[1;5A",
          "Action" : 10
        },
        "0xf707-0x20000" : {
          "Text" : "[1;2S",
          "Action" : 10
        },
        "0xf70a-0x20000" : {
          "Text" : "[18;2~",
          "Action" : 10
        },
        "0x35-0x40000" : {
          "Text" : "0x1d",
          "Action" : 11
        },
        "0xf70f-0x20000" : {
          "Text" : "[24;2~",
          "Action" : 10
        },
        "0xf703-0x240000" : {
          "Text" : "[1;5C",
          "Action" : 10
        },
        "0xf701-0x260000" : {
          "Text" : "[1;6B",
          "Action" : 10
        },
        "0xf702-0x280000" : {
          "Text" : "0x1b 0x1b 0x5b 0x44",
          "Action" : 11
        },
        "0xf72b-0x20000" : {
          "Text" : "[1;2F",
          "Action" : 10
        },
        "0x36-0x40000" : {
          "Text" : "0x1e",
          "Action" : 11
        },
        "0xf708-0x20000" : {
          "Text" : "[15;2~",
          "Action" : 10
        },
        "0xf701-0x220000" : {
          "Text" : "[1;2B",
          "Action" : 10
        },
        "0xf70b-0x20000" : {
          "Text" : "[19;2~",
          "Action" : 10
        },